Well,Barcode_Name,Sequence
A1,BC01,AAGAAAGTTGTCGGTGTCTTTGTG
A2,BC02,TCGATTCCGTTTGTAGTCGTCTGT
A3,BC03,GAGTCTTGTGTCCCAGTTACCAGG
A4,BC04,TTCGGATTCTATCGTGTTTCCCTA
A5,BC05,CTTGTCCAGGGTTTGTGTAACCTT
A6,BC06,TTCTCGCAAAGGCAGAAAGTAGTC
A7,BC07,GTGTTACCGTGGGAATGAATCCTT
A8,BC08,TTCAGGGAACAAACCAAGTTACGT
A9,BC09,AACTAGGCACAGCGAGTCTTGGTT
A10,BC10,AAGCGTTGAAACCTTTGTCCTCTC
A11,BC11,GTTTCATCTATCGGAGGGAATGGA
A12,BC12,CAGGTAGAAAGAAGCAGAATCGGA
B1,BC13,AGCGGTTAGGGGGTTATCTACAAG
B2,BC14,ATCCATTCGAGTAGCTCTACCTCC
B3,BC15,CAGCACCTCCCTGGCAAGAGGTAA
B4,BC16,CCATTCAATCTCGGTACCCAAGGC
